in_game_name,player_id
5thstump,5thstump
@swanny,vgl_(swanny)
[ 44 ]AGGRO,aggy
[ 7 ]Inctz,inctz
[ <3 ]e-boyy slayer,roccy
[ ? ]NZDee,nzdee
[ a ]roccy,roccy
[ mmm ]Camzyy,camzy
[ ttv ]Camzyy,camzy
[!]Toji,toji
[#30]wakey,wakey
[#5]poj,zinc
[(.Y.)]ONFLEEK_SLYQT,onfleek
[+57]Lupin22,lupin
[+57]ManeMerc,manemerc
[+]35,jords
[+]Chuffy,chuffy
[+]Hooli,hooli
[+]Kenn,kenn
[+]MR X,mr_x
[+]roccy,roccy
[+]Sn4k3yes,snakey
[+]Wai,wai
[+]x_Shiftey,shiftey
[-]Toji,redshiftr
[.]BANGBANG,bang_bang
[0-0]@nazx,nazx
[1]Mootsoka,creamy
[1UP+]Jatzy,jatzy
[1UP+]Koby,koby
[1UP+]Light,light
[1UP+]OG,og
[1UP+]SleepyAuz,sleepy
[2160]quack,quack
[4:13P]JONO,jono
[60]@hazard,hazard
[9]haiyz,haiyz
[<3]Light,light
[a]hazard,hazard
[Ares]Cloudy,cloudy
[beast]Unrivaled,unrivaled
[Bells]Pengie,pengie
[BLKB]TTV Dolem1te,dolemite
[bomb]DEMON,moneydemon
[Brya]conR,conr
[C/BAN]mamz_au,mamz_au
[daddy]çhèèšý,cheesey
[don]5thStumpBattler,5thstump
[donkd]syzn,syzn
[DZIRE]Spicy Sausage,spicy
[F-REV]slight,slight
[FaZe]@nazx,nazx
[ga.]xeno,curnal
[gFuel]MooseOCE,moose
[help]Dx,dx
[icon]Dx,dx
[LIVE]NZDee,nzdee
[M]selfish,rybug
[MH.]Gaara,garra
[ODA]ZAG,zag
[oRAG]XxMONK3YMANxX123,monkey
[propa]Kaiba,kaiba
[rin]Faf,faf
[RiVAL]AKA_kino07_Yt,kino
[RIVAL]DelayedReaction,delayed
[RIVAL]FRENZY_AU,kino
[Rival]Æntity,aentity
[SDC]Burkarung,muk
[SEFK]JFISCAL10,jfiscal10
[SLYQT]xXMissFairyXx,miss_fairy
[SLYTQ]Sass_Xx,sass
[SPICY]DZIRE,dzire
[ttok]envious jay,jay
[TTV]chaddy,chaddy
[ttv]ChongLeeAU,chonglee
[ttv]jdz,jdz
[ttv]N31MAK,n31mak
[TTV]RMAX,rmax
[TTV]Yourboimull,mull
[TTV]zzeallo,zzeallo
[ult.]Gooey,gooey
[Unc!]Cortez,cortez
[whos]stiinger,stiinger
[xAP]Akhi-,akhi
[XIII]Light,light
[XX]Camzyy,camzy
[zinc]poj,zinc
Aentity,aentity
Aggy,aggy
ammonia,ammonia
Ankhas,ankhas
Anks/Cupid/Scoobs,ankhas
Arsenic,arsenic
aussy,aussy
AVD_Sk4beng4,skabenga
Bazzy,bazzy
Bray,bray
Caita,caita
caita,caita
Ceiza,ceiza
Chef Ram,chef_ram
Clawsyy,clawssy
cregan,chef_ram
Delayed,delayed
Dolem1te,dolemite
Drizzy,drizzy
Duq,duq
duq,duq
Dx,dx
Dyna,dyna
Dynamax,dyna
Faze Gooey,gooey
Frenchy,frenchy
Gooey,gooey
Guckie,guckie
gzoumis,gzoumis
gückie,guckie
Hardyy,hardyy
Hassi,hassi
Hazard,hazard
Hi,hi
Hikkar,hikkar
Hooli,hooli
Humz,humz
Ice,ice
iDrxp,idrxp
Inctz,inctz
Jatzy,jatzy
JDZ,jdz
jdz,jdz
K4ce,k4ce
Kaiba,kaiba
Kalon,kalon
Kenner,kenner
Kino/Frenzy,kino
Koby,koby
Leza,lezafort
Lgks,lgks
Light,light
Lupin,lupin
Manemerc,manemerc
ManeMerc,manemerc
Meataxe,meataxe
meataxe,meataxe
Minho,minho
minho,minho
Mint,mint
Miss Fairy,miss_fairy
Monkey,monkey
NZDee,nzdee
nzzl,nzzl
oBlocks,obricks
Obricks,obricks
oBrIcKs,obricks
OG,og
OnFleek,onfleek
Overtime AU,overtime_au
RedShftr,redshiftr
Redshiftr,redshiftr
REV,rev
Sass/Kenn,sass
Scoobss,ankhas
Shan0,shan0
Sleepy,sleepy
SleepyAuz,sleepy
Snowyy,snowyy
soccerulz101,sirdank
Splyce X,splyce
subway worker,nicc
Termxi,termxi
TheFuture,future
Trix,trix
trix,trix
Turbs,turbs
Unrivaled,unrivaled
Vague,vague
Venqur,venqur
VGL,vgl_(swanny)
Vibes_AU,vibes
Willybee,willybee
Willybee24,willybee
z_,zmoney
ZAG,zag
zaza,zaza
Zinc,zinc
Zmoney,zmoney
